temp,precip,windspeed,visibility,Is_Holiday,Day_of_week,conditions
-1,0,9.4,10,TRUE,Friday,Clear
-1,0,9.4,10,TRUE,Friday,Clear
0.6,0,4.9,43.9,TRUE,Friday,Clear
-2,0,9.4,10,TRUE,Friday,Clear
-2,0,11.2,10,TRUE,Friday,Clear
-3,0,9.4,10,TRUE,Friday,Clear
-3,0,9.4,10,TRUE,Friday,Clear
-3,0,9.4,10,TRUE,Friday,Clear
0.3,1.308,6.7,32.5,TRUE,Friday,"Snow, Rain"
0,0,9.4,10,TRUE,Friday,Clear
3,0,13,10,TRUE,Friday,Clear
5,0,18.4,10,TRUE,Friday,Clear
7,0,22.3,10,TRUE,Friday,Clear
8,0,18.4,10,TRUE,Friday,Clear
10.5,0,13.2,45.7,TRUE,Friday,Clear
8,0,24.1,10,TRUE,Friday,Partially cloudy
7,0,22.3,10,TRUE,Friday,Partially cloudy
6,0,22.3,10,TRUE,Friday,Partially cloudy
5,0,24.1,10,TRUE,Friday,Partially cloudy
5,0,22.3,10,TRUE,Friday,Partially cloudy
6.6,0,14.9,48.6,TRUE,Friday,Overcast
4,0,20.5,10,TRUE,Friday,Overcast
4,0,18.4,10,TRUE,Friday,Partially cloudy
3,0,20.5,10,TRUE,Friday,Partially cloudy
3,0,16.6,10,FALSE,Saturday,Overcast
3,0,16.6,10,FALSE,Saturday,Overcast
5.6,0,9.6,48.6,FALSE,Saturday,Overcast
3,0,13,10,FALSE,Saturday,Overcast
3,0,14.8,10,FALSE,Saturday,Overcast
2,0,13,10,FALSE,Saturday,Overcast
2,0,13,10,FALSE,Saturday,Overcast
2,0,14.8,10,FALSE,Saturday,Partially cloudy
5.5,0,12.1,48.6,FALSE,Saturday,Overcast
4,0,16.6,10,FALSE,Saturday,Partially cloudy
4,0,18.4,10,FALSE,Saturday,Partially cloudy
5,0,16.6,10,FALSE,Saturday,Partially cloudy
7,0,18.4,10,FALSE,Saturday,Partially cloudy
9,0,16.6,10,FALSE,Saturday,Partially cloudy
13.5,0,11,30.5,FALSE,Saturday,Partially cloudy
12,0,18.4,10,FALSE,Saturday,Partially cloudy
13,0,13,10,FALSE,Saturday,Partially cloudy
12,0,13,10,FALSE,Saturday,Partially cloudy
12,0,13,10,FALSE,Saturday,Partially cloudy
11,0,13,10,FALSE,Saturday,Overcast
10.8,0,8.6,46.7,FALSE,Saturday,Partially cloudy
6,0,11.2,10,FALSE,Saturday,Overcast
4,0,11.2,10,FALSE,Saturday,Overcast
4,0,9.4,10,FALSE,Saturday,Overcast
3,0,7.6,10,TRUE,Sunday,Overcast
4,0,5.4,10,TRUE,Sunday,Overcast
5,0,3.3,47.7,TRUE,Sunday,Overcast
3,0,11.2,10,TRUE,Sunday,Overcast
2,0,11.2,10,TRUE,Sunday,Partially cloudy
2,0,11.2,10,TRUE,Sunday,Partially cloudy
2,0,13,10,TRUE,Sunday,Partially cloudy
1,0,11.2,10,TRUE,Sunday,Partially cloudy
3.2,0,6,39.1,TRUE,Sunday,Partially cloudy
6,0,13,10,TRUE,Sunday,Partially cloudy
8,0,11.2,10,TRUE,Sunday,Partially cloudy
9,0,7.6,10,TRUE,Sunday,Partially cloudy
10,0,7.6,10,TRUE,Sunday,Partially cloudy
12,0,7.6,10,TRUE,Sunday,Partially cloudy
12.1,0,13.4,43.9,TRUE,Sunday,Partially cloudy
13,0,11.2,10,TRUE,Sunday,Partially cloudy
13,0,7.6,10,TRUE,Sunday,Partially cloudy
12,0,16.6,10,TRUE,Sunday,Overcast
10,0,13,10,TRUE,Sunday,Overcast
9,0,9.4,10,TRUE,Sunday,Overcast
9.4,0,3,48.6,TRUE,Sunday,Partially cloudy
7,0,5.4,10,TRUE,Sunday,Partially cloudy
6,0,5.4,10,TRUE,Sunday,Partially cloudy
4,0,9.4,10,TRUE,Sunday,Partially cloudy
3,0,9.4,10,TRUE,Monday,Partially cloudy
3,0,14.8,10,TRUE,Monday,Partially cloudy
4.6,0,7.7,47.7,TRUE,Monday,Clear
2,0,16.6,10,TRUE,Monday,Partially cloudy
2,0,14.8,10,TRUE,Monday,Overcast
1,0,13,10,TRUE,Monday,Overcast
1,0,13,10,TRUE,Monday,Overcast
1,0,14.8,10,TRUE,Monday,Overcast
5.5,0,8.4,48.6,TRUE,Monday,Partially cloudy
4,0,18.4,10,TRUE,Monday,Partially cloudy
6,0,18.4,10,TRUE,Monday,Overcast
9,0,20.5,10,TRUE,Monday,Overcast
10,0,16.6,10,TRUE,Monday,Overcast
10,0,18.4,10,TRUE,Monday,Overcast
13.2,0,16.4,44.5,TRUE,Monday,Partially cloudy
12,0,20.5,10,TRUE,Monday,Partially cloudy
13,0,20.5,10,TRUE,Monday,Overcast
12,0,22.3,10,TRUE,Monday,Overcast
12,0,20.5,10,TRUE,Monday,Overcast
11,0,22.3,10,TRUE,Monday,Overcast
12,0,12.6,44.7,TRUE,Monday,Clear
9,0,20.5,10,TRUE,Monday,Overcast
8,0,20.5,10,TRUE,Monday,Overcast
7,0,18.4,10,TRUE,Monday,Overcast
7,0,22.3,10,FALSE,Tuesday,Overcast
6,0,24.1,10,FALSE,Tuesday,Overcast
8.6,0,16.4,45.5,FALSE,Tuesday,Partially cloudy
6,0,27.7,10,FALSE,Tuesday,Overcast